question_id,gold_chunk_id,d1,d2,d3,d4,d5
Q1,공통_안전_해양수산부_항만하역장비제작설치_정제_c10,공통_안전_해양수산부_항만하역장비제작설치_정제_c13,공통_안전_해양수산부_항만하역장비제작설치_정제_c31,공통_안전_해양수산부_항만하역장비제작설치_정제_c29,공통_안전_해양수산부_항만하역장비제작설치_정제_c16,공통_안전_해양수산부_항만하역장비제작설치_정제_c15
Q2,공통_안전_해양수산부_항만하역장비제작설치_정제_c29,공통_안전_해양수산부_항만하역장비제작설치_정제_c31,공통_안전_해양수산부_항만하역장비제작설치_정제_c13,공통_안전_해양수산부_항만하역장비제작설치_정제_c10,공통_안전_해양수산부_항만하역장비제작설치_정제_c16,공통_안전_해양수산부_항만하역장비제작설치_정제_c15
Q3,공통_안전_해양수산부_항만하역장비제작설치_정제_c15,공통_안전_해양수산부_항만하역장비제작설치_정제_c16,공통_안전_해양수산부_항만하역장비제작설치_정제_c17,공통_안전_해양수산부_항만하역장비제작설치_정제_c13,공통_안전_해양수산부_항만하역장비제작설치_정제_c10,공통_안전_해양수산부_항만하역장비제작설치_정제_c31
Q4,공통_정책_해양수산부_항만시설장비검사기준_정제_c47,공통_정책_해양수산부_항만시설장비검사기준_정제_c58,공통_정책_해양수산부_항만시설장비검사기준_정제_c53,공통_정책_해양수산부_항만시설장비검사기준_정제_c79,공통_정책_해양수산부_항만시설장비검사기준_정제_c77,공통_정책_해양수산부_항만시설장비검사기준_정제_c40
Q5,공통_정책_해양수산부_항만시설장비검사기준_정제_c47,공통_정책_해양수산부_항만시설장비검사기준_정제_c58,공통_정책_해양수산부_항만시설장비검사기준_정제_c84,공통_정책_해양수산부_항만시설장비검사기준_정제_c80,공통_정책_해양수산부_항만시설장비검사기준_정제_c73,공통_정책_해양수산부_항만시설장비검사기준_정제_c53
Q6,공통_정책고시_해양수산부_항만시설 사용 및 사용료에 관한 규정(2017)최종본_정제_c27,공통_정책고시_해양수산부_항만시설 사용 및 사용료에 관한 규정(2017)최종본_정제_c33,공통_정책고시_해양수산부_항만시설 사용 및 사용료에 관한 규정(2017)최종본_정제_c32,공통_정책고시_해양수산부_항만시설 사용 및 사용료에 관한 규정(2017)최종본_정제_c26,공통_정책고시_해양수산부_항만시설 사용 및 사용료에 관한 규정(2017)최종본_정제_c29,공통_정책고시_해양수산부_항만시설 사용 및 사용료에 관한 규정(2017)최종본_정제_c30
Q7,공통_정책고시_해양수산부_항만시설 사용 및 사용료에 관한 규정(2017)최종본_정제_c27,공통_정책고시_해양수산부_항만시설 사용 및 사용료에 관한 규정(2017)최종본_정제_c33,공통_정책고시_해양수산부_항만시설 사용 및 사용료에 관한 규정(2017)최종본_정제_c32,공통_정책고시_해양수산부_항만시설 사용 및 사용료에 관한 규정(2017)최종본_정제_c26,공통_정책고시_해양수산부_항만시설 사용 및 사용료에 관한 규정(2017)최종본_정제_c29,공통_정책고시_해양수산부_항만시설 사용 및 사용료에 관한 규정(2017)최종본_정제_c35
Q8,공통_계류지침_KR_일점계류장치지침2017_정제_c35,공통_계류지침_KR_일점계류장치지침2017_정제_c41,공통_계류지침_KR_일점계류장치지침2017_정제_c40,공통_계류지침_KR_일점계류장치지침2017_정제_c30,공통_계류지침_KR_일점계류장치지침2017_정제_c44,공통_계류지침_KR_일점계류장치지침2017_정제_c78
Q9,공통_계류지침_KR_일점계류장치지침2017_정제_c30,공통_계류지침_KR_일점계류장치지침2017_정제_c31,공통_계류지침_KR_일점계류장치지침2017_정제_c46,공통_계류지침_KR_일점계류장치지침2017_정제_c35,공통_계류지침_KR_일점계류장치지침2017_정제_c41,공통_계류지침_KR_일점계류장치지침2017_정제_c40
Q10,울산항_안전규정_울산항만공사_일반화물안전매뉴얼_정제_c79,울산항_안전규정_울산항만공사_일반화물안전매뉴얼_정제_c125,울산항_안전규정_울산항만공사_일반화물안전매뉴얼_정제_c111,울산항_안전규정_울산항만공사_일반화물안전매뉴얼_정제_c80,울산항_안전규정_울산항만공사_일반화물안전매뉴얼_정제_c101,울산항_안전규정_울산항만공사_일반화물안전매뉴얼_정제_c50
Q12,공통_안전규정_한국항만연수원_항만하역통합안전매뉴얼_정제_c156,공통_안전규정_한국항만연수원_항만하역통합안전매뉴얼_정제_c159,공통_안전규정_한국항만연수원_항만하역통합안전매뉴얼_정제_c160,공통_안전규정_한국항만연수원_항만하역통합안전매뉴얼_정제_c99,공통_안전규정_한국항만연수원_항만하역통합안전매뉴얼_정제_c31,공통_안전규정_한국항만연수원_항만하역통합안전매뉴얼_정제_c52
